<application>
  <component name="FileTypeManager" version="17">
    <extensionMap>
      <removed_mapping ext="css" approved="true" type="CSS" />
      <mapping pattern="stack/stack-implementation-with-linked-list" type="JavaScript" />
      <mapping pattern="aaa" type="PLAIN_TEXT" />
      <mapping pattern=".gitlock" type="PLAIN_TEXT" />
      <mapping pattern=".ruby-version" type="PLAIN_TEXT" />
      <mapping pattern="Procfile" type="PLAIN_TEXT" />
      <mapping pattern=".env-development" type="PLAIN_TEXT" />
      <mapping pattern=".flake8" type="PLAIN_TEXT" />
      <mapping pattern=".browserslistrc" type="PLAIN_TEXT" />
      <mapping pattern=".lesshintrc" type="PLAIN_TEXT" />
      <mapping pattern=".gitkeep" type="PLAIN_TEXT" />
      <mapping pattern=".node-version" type="PLAIN_TEXT" />
      <mapping pattern=".nojekyll" type="PLAIN_TEXT" />
      <mapping pattern="my_deck" type="PLAIN_TEXT" />
      <mapping ext="glb" type="PLAIN_TEXT" />
      <mapping ext="gitkeep" type="PLAIN_TEXT" />
      <mapping ext="css" type="PostCSS" />
      <mapping pattern="Sticky" type="Vue.js" />
      <removed_mapping ext="css" approved="true" type="CSS" />
      <mapping pattern=".gitignore_global" type="Git file" />
      <mapping pattern="endpoints" type="Python" />
    </extensionMap>
  </component>
</application>