<application>
  <component name="FindSettings">
    <option name="caseSensitive" value="true" />
    <option name="customScope" value="All Places" />
    <option name="defaultScopeName" value="All Places" />
    <option name="localRegularExpressions" value="true" />
    <option name="CASE_SENSITIVE_SEARCH" value="true" />
    <option name="LOCAL_REGULAR_EXPRESSIONS" value="true" />
    <option name="SEARCH_SCOPE" value="All Places" />
    <mask>*.rb, *.slim</mask>
    <mask>*.yml</mask>
    <mask>*.rb,*.vue</mask>
    <mask>*.js,*.vue,*.slim</mask>
    <mask>*.js,*.vue,*.slim,*.rb</mask>
    <mask>*.scss,*.vue</mask>
    <mask>*.js,*.vue</mask>
    <mask>slim</mask>
    <mask>js</mask>
    <mask>form-*.js</mask>
    <mask>*.js</mask>
    <mask>*.md</mask>
    <mask>*.vue, *.js</mask>
    <mask>*.json</mask>
    <mask>*.vue,*.js,*.scss</mask>
    <mask>*.vue,*.js,*.scss,*.html</mask>
    <mask>*.vue,*.js</mask>
    <mask>*.rb</mask>
    <mask>*.slim,*.rb</mask>
    <mask>*.vue,*.js,*.slim</mask>
    <mask>*.py</mask>
    <mask>*.php</mask>
    <mask>*.scss,*.js</mask>
    <mask>*.vue, *.rb, *.yml</mask>
    <mask>*.slim</mask>
    <mask>*.scss</mask>
    <mask>*.vue</mask>
    <mask>*.vue, *.ts, *.yml</mask>
    <mask>*.vue, *.js, *.yml</mask>
    <mask>*.vue, *.js, *.css</mask>
  </component>
</application>