<application>
  <component name="ProjectJdkTable">
    <jdk version="2">
      <name value="1.8" />
      <type value="JavaSDK" />
      <version value="1.8" />
      <homePath value="/Library/Java/JavaVirtualMachines/jdk1.8.0_202.jdk/Contents/Home" />
      <roots>
        <annotationsPath>
          <root type="composite" />
        </annotationsPath>
        <classPath>
          <root type="composite">
            <root url="jar:///Library/Java/JavaVirtualMachines/jdk1.8.0_202.jdk/Contents/Home/jre/lib/charsets.jar!/" type="simple" />
            <root url="jar:///Library/Java/JavaVirtualMachines/jdk1.8.0_202.jdk/Contents/Home/jre/lib/deploy.jar!/" type="simple" />
            <root url="jar:///Library/Java/JavaVirtualMachines/jdk1.8.0_202.jdk/Contents/Home/jre/lib/ext/cldrdata.jar!/" type="simple" />
            <root url="jar:///Library/Java/JavaVirtualMachines/jdk1.8.0_202.jdk/Contents/Home/jre/lib/ext/dnsns.jar!/" type="simple" />
            <root url="jar:///Library/Java/JavaVirtualMachines/jdk1.8.0_202.jdk/Contents/Home/jre/lib/ext/jaccess.jar!/" type="simple" />
            <root url="jar:///Library/Java/JavaVirtualMachines/jdk1.8.0_202.jdk/Contents/Home/jre/lib/ext/jfxrt.jar!/" type="simple" />
            <root url="jar:///Library/Java/JavaVirtualMachines/jdk1.8.0_202.jdk/Contents/Home/jre/lib/ext/localedata.jar!/" type="simple" />
            <root url="jar:///Library/Java/JavaVirtualMachines/jdk1.8.0_202.jdk/Contents/Home/jre/lib/ext/nashorn.jar!/" type="simple" />
            <root url="jar:///Library/Java/JavaVirtualMachines/jdk1.8.0_202.jdk/Contents/Home/jre/lib/ext/sunec.jar!/" type="simple" />
            <root url="jar:///Library/Java/JavaVirtualMachines/jdk1.8.0_202.jdk/Contents/Home/jre/lib/ext/sunjce_provider.jar!/" type="simple" />
            <root url="jar:///Library/Java/JavaVirtualMachines/jdk1.8.0_202.jdk/Contents/Home/jre/lib/ext/sunpkcs11.jar!/" type="simple" />
            <root url="jar:///Library/Java/JavaVirtualMachines/jdk1.8.0_202.jdk/Contents/Home/jre/lib/ext/zipfs.jar!/" type="simple" />
            <root url="jar:///Library/Java/JavaVirtualMachines/jdk1.8.0_202.jdk/Contents/Home/jre/lib/javaws.jar!/" type="simple" />
            <root url="jar:///Library/Java/JavaVirtualMachines/jdk1.8.0_202.jdk/Contents/Home/jre/lib/jce.jar!/" type="simple" />
            <root url="jar:///Library/Java/JavaVirtualMachines/jdk1.8.0_202.jdk/Contents/Home/jre/lib/jfxswt.jar!/" type="simple" />
            <root url="jar:///Library/Java/JavaVirtualMachines/jdk1.8.0_202.jdk/Contents/Home/jre/lib/jsse.jar!/" type="simple" />
            <root url="jar:///Library/Java/JavaVirtualMachines/jdk1.8.0_202.jdk/Contents/Home/jre/lib/management-agent.jar!/" type="simple" />
            <root url="jar:///Library/Java/JavaVirtualMachines/jdk1.8.0_202.jdk/Contents/Home/jre/lib/plugin.jar!/" type="simple" />
            <root url="jar:///Library/Java/JavaVirtualMachines/jdk1.8.0_202.jdk/Contents/Home/jre/lib/resources.jar!/" type="simple" />
            <root url="jar:///Library/Java/JavaVirtualMachines/jdk1.8.0_202.jdk/Contents/Home/jre/lib/rt.jar!/" type="simple" />
            <root url="jar:///Library/Java/JavaVirtualMachines/jdk1.8.0_202.jdk/Contents/Home/lib/ant-javafx.jar!/" type="simple" />
            <root url="jar:///Library/Java/JavaVirtualMachines/jdk1.8.0_202.jdk/Contents/Home/lib/dt.jar!/" type="simple" />
            <root url="jar:///Library/Java/JavaVirtualMachines/jdk1.8.0_202.jdk/Contents/Home/lib/javafx-mx.jar!/" type="simple" />
            <root url="jar:///Library/Java/JavaVirtualMachines/jdk1.8.0_202.jdk/Contents/Home/lib/jconsole.jar!/" type="simple" />
            <root url="jar:///Library/Java/JavaVirtualMachines/jdk1.8.0_202.jdk/Contents/Home/lib/packager.jar!/" type="simple" />
            <root url="jar:///Library/Java/JavaVirtualMachines/jdk1.8.0_202.jdk/Contents/Home/lib/sa-jdi.jar!/" type="simple" />
            <root url="jar:///Library/Java/JavaVirtualMachines/jdk1.8.0_202.jdk/Contents/Home/lib/tools.jar!/" type="simple" />
          </root>
        </classPath>
        <javadocPath>
          <root type="composite" />
        </javadocPath>
        <sourcePath>
          <root type="composite">
            <root url="jar:///Library/Java/JavaVirtualMachines/jdk1.8.0_202.jdk/Contents/Home/src.zip!/" type="simple" />
            <root url="jar:///Library/Java/JavaVirtualMachines/jdk1.8.0_202.jdk/Contents/Home/javafx-src.zip!/" type="simple" />
          </root>
        </sourcePath>
      </roots>
      <additional />
    </jdk>
    <jdk version="2">
      <name value="Pipenv (learn-practical-django-2)" />
      <type value="Python SDK" />
      <version value="Python 3.7.2" />
      <homePath value="$USER_HOME$/.local/share/virtualenvs/learn-practical-django-2-IiCKRkDl/bin/python" />
      <roots>
        <annotationsPath>
          <root type="composite" />
        </annotationsPath>
        <classPath>
          <root type="composite">
            <root url="file://$USER_HOME$/.local/share/virtualenvs/learn-practical-django-2-IiCKRkDl/lib/python3.7" type="simple" />
            <root url="file://$USER_HOME$/.local/share/virtualenvs/learn-practical-django-2-IiCKRkDl/lib/python3.7/lib-dynload" type="simple" />
            <root url="file://$USER_HOME$/.pyenv/versions/3.7.2/lib/python3.7" type="simple" />
            <root url="file://$USER_HOME$/.local/share/virtualenvs/learn-practical-django-2-IiCKRkDl/lib/python3.7/site-packages" type="simple" />
            <root url="file://$USER_HOME$/Library/Caches/IntelliJIdea2019.2/python_stubs/82271920" type="simple" />
            <root url="file://$APPLICATION_PLUGINS_DIR$/python/helpers/python-skeletons" type="simple" />
            <root url="file://$APPLICATION_PLUGINS_DIR$/python/helpers/typeshed/stdlib/3" type="simple" />
            <root url="file://$APPLICATION_PLUGINS_DIR$/python/helpers/typeshed/stdlib/2and3" type="simple" />
            <root url="file://$APPLICATION_PLUGINS_DIR$/python/helpers/typeshed/third_party/3" type="simple" />
            <root url="file://$APPLICATION_PLUGINS_DIR$/python/helpers/typeshed/third_party/2and3" type="simple" />
          </root>
        </classPath>
        <javadocPath>
          <root type="composite" />
        </javadocPath>
        <sourcePath>
          <root type="composite" />
        </sourcePath>
      </roots>
      <additional />
    </jdk>
    <jdk version="2">
      <name value="Pipenv (practical-django2-and-channels2)" />
      <type value="Python SDK" />
      <version value="Python 3.7.3" />
      <homePath value="$USER_HOME$/.local/share/virtualenvs/practical-django2-and-channels2-GjbmhRg9/bin/python" />
      <roots>
        <annotationsPath>
          <root type="composite" />
        </annotationsPath>
        <classPath>
          <root type="composite">
            <root url="file://$USER_HOME$/.local/share/virtualenvs/practical-django2-and-channels2-GjbmhRg9/lib/python3.7" type="simple" />
            <root url="file://$USER_HOME$/.local/share/virtualenvs/practical-django2-and-channels2-GjbmhRg9/lib/python3.7/lib-dynload" type="simple" />
            <root url="file:///usr/local/Cellar/python/3.7.3/Frameworks/Python.framework/Versions/3.7/lib/python3.7" type="simple" />
            <root url="file://$USER_HOME$/.local/share/virtualenvs/practical-django2-and-channels2-GjbmhRg9/lib/python3.7/site-packages" type="simple" />
            <root url="file://$USER_HOME$/Library/Caches/IntelliJIdea2019.1/python_stubs/-1496321304" type="simple" />
            <root url="file://$APPLICATION_PLUGINS_DIR$/python/helpers/python-skeletons" type="simple" />
            <root url="file://$APPLICATION_PLUGINS_DIR$/python/helpers/typeshed/stdlib/3" type="simple" />
            <root url="file://$APPLICATION_PLUGINS_DIR$/python/helpers/typeshed/stdlib/2and3" type="simple" />
            <root url="file://$APPLICATION_PLUGINS_DIR$/python/helpers/typeshed/third_party/3" type="simple" />
            <root url="file://$APPLICATION_PLUGINS_DIR$/python/helpers/typeshed/third_party/2and3" type="simple" />
          </root>
        </classPath>
        <javadocPath>
          <root type="composite" />
        </javadocPath>
        <sourcePath>
          <root type="composite" />
        </sourcePath>
      </roots>
      <additional />
    </jdk>
    <jdk version="2">
      <name value="Pipenv (learn-django-kanban)" />
      <type value="Python SDK" />
      <version value="Python 3.7.2" />
      <homePath value="$USER_HOME$/.local/share/virtualenvs/learn-django-kanban-bq6yKm8Q/bin/python" />
      <roots>
        <annotationsPath>
          <root type="composite" />
        </annotationsPath>
        <classPath>
          <root type="composite">
            <root url="file://$USER_HOME$/.local/share/virtualenvs/learn-django-kanban-bq6yKm8Q/lib/python3.7" type="simple" />
            <root url="file://$USER_HOME$/.local/share/virtualenvs/learn-django-kanban-bq6yKm8Q/lib/python3.7/lib-dynload" type="simple" />
            <root url="file://$USER_HOME$/.pyenv/versions/3.7.2/lib/python3.7" type="simple" />
            <root url="file://$USER_HOME$/.local/share/virtualenvs/learn-django-kanban-bq6yKm8Q/lib/python3.7/site-packages" type="simple" />
            <root url="file://$USER_HOME$/Library/Caches/IntelliJIdea2019.2/python_stubs/-567716345" type="simple" />
            <root url="file://$APPLICATION_PLUGINS_DIR$/python/helpers/python-skeletons" type="simple" />
            <root url="file://$APPLICATION_PLUGINS_DIR$/python/helpers/typeshed/stdlib/3" type="simple" />
            <root url="file://$APPLICATION_PLUGINS_DIR$/python/helpers/typeshed/stdlib/2and3" type="simple" />
            <root url="file://$APPLICATION_PLUGINS_DIR$/python/helpers/typeshed/third_party/3" type="simple" />
            <root url="file://$APPLICATION_PLUGINS_DIR$/python/helpers/typeshed/third_party/2and3" type="simple" />
          </root>
        </classPath>
        <javadocPath>
          <root type="composite" />
        </javadocPath>
        <sourcePath>
          <root type="composite" />
        </sourcePath>
      </roots>
      <additional />
    </jdk>
    <jdk version="2">
      <name value="Pipenv (vending-machine)" />
      <type value="Python SDK" />
      <version value="Python 3.7.2" />
      <homePath value="$USER_HOME$/.local/share/virtualenvs/vending-machine-zx4f1J6c/bin/python" />
      <roots>
        <annotationsPath>
          <root type="composite" />
        </annotationsPath>
        <classPath>
          <root type="composite">
            <root url="file://$USER_HOME$/.local/share/virtualenvs/vending-machine-zx4f1J6c/lib/python3.7" type="simple" />
            <root url="file://$USER_HOME$/.local/share/virtualenvs/vending-machine-zx4f1J6c/lib/python3.7/lib-dynload" type="simple" />
            <root url="file://$USER_HOME$/.pyenv/versions/3.7.2/lib/python3.7" type="simple" />
            <root url="file://$USER_HOME$/.local/share/virtualenvs/vending-machine-zx4f1J6c/lib/python3.7/site-packages" type="simple" />
            <root url="file://$USER_HOME$/Library/Caches/IntelliJIdea2019.2/python_stubs/1647490741" type="simple" />
            <root url="file://$APPLICATION_PLUGINS_DIR$/python/helpers/python-skeletons" type="simple" />
            <root url="file://$APPLICATION_PLUGINS_DIR$/python/helpers/typeshed/stdlib/3" type="simple" />
            <root url="file://$APPLICATION_PLUGINS_DIR$/python/helpers/typeshed/stdlib/2and3" type="simple" />
            <root url="file://$APPLICATION_PLUGINS_DIR$/python/helpers/typeshed/third_party/3" type="simple" />
            <root url="file://$APPLICATION_PLUGINS_DIR$/python/helpers/typeshed/third_party/2and3" type="simple" />
          </root>
        </classPath>
        <javadocPath>
          <root type="composite" />
        </javadocPath>
        <sourcePath>
          <root type="composite" />
        </sourcePath>
      </roots>
      <additional />
    </jdk>
    <jdk version="2">
      <name value="Erlang for Elixir 22" />
      <type value="Erlang SDK for Elixir SDK" />
      <version value="22" />
      <homePath value="/usr/local/Cellar/erlang/22.1.1/lib/erlang" />
      <roots>
        <annotationsPath>
          <root type="composite" />
        </annotationsPath>
        <classPath>
          <root type="composite">
            <root url="file:///usr/local/Cellar/erlang/22.1.1/lib/erlang/lib/inets-7.1/ebin" type="simple" />
            <root url="file:///usr/local/Cellar/erlang/22.1.1/lib/erlang/lib/erl_interface-3.13/ebin" type="simple" />
            <root url="file:///usr/local/Cellar/erlang/22.1.1/lib/erlang/lib/ssl-9.4/ebin" type="simple" />
            <root url="file:///usr/local/Cellar/erlang/22.1.1/lib/erlang/lib/parsetools-2.1.8/ebin" type="simple" />
            <root url="file:///usr/local/Cellar/erlang/22.1.1/lib/erlang/lib/megaco-3.18.6/ebin" type="simple" />
            <root url="file:///usr/local/Cellar/erlang/22.1.1/lib/erlang/lib/mnesia-4.16.1/ebin" type="simple" />
            <root url="file:///usr/local/Cellar/erlang/22.1.1/lib/erlang/lib/eunit-2.3.8/ebin" type="simple" />
            <root url="file:///usr/local/Cellar/erlang/22.1.1/lib/erlang/lib/runtime_tools-1.14/ebin" type="simple" />
            <root url="file:///usr/local/Cellar/erlang/22.1.1/lib/erlang/lib/snmp-5.4.1/ebin" type="simple" />
            <root url="file:///usr/local/Cellar/erlang/22.1.1/lib/erlang/lib/crypto-4.6/ebin" type="simple" />
            <root url="file:///usr/local/Cellar/erlang/22.1.1/lib/erlang/lib/public_key-1.7/ebin" type="simple" />
            <root url="file:///usr/local/Cellar/erlang/22.1.1/lib/erlang/lib/syntax_tools-2.2.1/ebin" type="simple" />
            <root url="file:///usr/local/Cellar/erlang/22.1.1/lib/erlang/lib/dialyzer-4.1/ebin" type="simple" />
            <root url="file:///usr/local/Cellar/erlang/22.1.1/lib/erlang/lib/tools-3.2.1/ebin" type="simple" />
            <root url="file:///usr/local/Cellar/erlang/22.1.1/lib/erlang/lib/erl_docgen-0.10/ebin" type="simple" />
            <root url="file:///usr/local/Cellar/erlang/22.1.1/lib/erlang/lib/stdlib-3.10/ebin" type="simple" />
            <root url="file:///usr/local/Cellar/erlang/22.1.1/lib/erlang/lib/debugger-4.2.7/ebin" type="simple" />
            <root url="file:///usr/local/Cellar/erlang/22.1.1/lib/erlang/lib/diameter-2.2.1/ebin" type="simple" />
            <root url="file:///usr/local/Cellar/erlang/22.1.1/lib/erlang/lib/wx-1.8.9/ebin" type="simple" />
            <root url="file:///usr/local/Cellar/erlang/22.1.1/lib/erlang/lib/kernel-6.5/ebin" type="simple" />
            <root url="file:///usr/local/Cellar/erlang/22.1.1/lib/erlang/lib/os_mon-2.5.1/ebin" type="simple" />
            <root url="file:///usr/local/Cellar/erlang/22.1.1/lib/erlang/lib/compiler-7.4.6/ebin" type="simple" />
            <root url="file:///usr/local/Cellar/erlang/22.1.1/lib/erlang/lib/ftp-1.0.3/ebin" type="simple" />
            <root url="file:///usr/local/Cellar/erlang/22.1.1/lib/erlang/lib/tftp-1.0.1/ebin" type="simple" />
            <root url="file:///usr/local/Cellar/erlang/22.1.1/lib/erlang/lib/erts-10.5.1/ebin" type="simple" />
            <root url="file:///usr/local/Cellar/erlang/22.1.1/lib/erlang/lib/et-1.6.4/ebin" type="simple" />
            <root url="file:///usr/local/Cellar/erlang/22.1.1/lib/erlang/lib/hipe-3.19.1/ebin" type="simple" />
            <root url="file:///usr/local/Cellar/erlang/22.1.1/lib/erlang/lib/reltool-0.8/ebin" type="simple" />
            <root url="file:///usr/local/Cellar/erlang/22.1.1/lib/erlang/lib/eldap-1.2.8/ebin" type="simple" />
            <root url="file:///usr/local/Cellar/erlang/22.1.1/lib/erlang/lib/ssh-4.8/ebin" type="simple" />
            <root url="file:///usr/local/Cellar/erlang/22.1.1/lib/erlang/lib/common_test-1.18/ebin" type="simple" />
            <root url="file:///usr/local/Cellar/erlang/22.1.1/lib/erlang/lib/sasl-3.4.1/ebin" type="simple" />
            <root url="file:///usr/local/Cellar/erlang/22.1.1/lib/erlang/lib/xmerl-1.3.22/ebin" type="simple" />
            <root url="file:///usr/local/Cellar/erlang/22.1.1/lib/erlang/lib/edoc-0.11/ebin" type="simple" />
            <root url="file:///usr/local/Cellar/erlang/22.1.1/lib/erlang/lib/observer-2.9.2/ebin" type="simple" />
            <root url="file:///usr/local/Cellar/erlang/22.1.1/lib/erlang/lib/asn1-5.0.9/ebin" type="simple" />
          </root>
        </classPath>
        <javadocPath>
          <root type="composite" />
        </javadocPath>
        <sourcePath>
          <root type="composite" />
        </sourcePath>
      </roots>
      <additional />
    </jdk>
    <jdk version="2">
      <name value="Elixir 1.9.1" />
      <type value="Elixir SDK" />
      <version value="Elixir 1.9.1" />
      <homePath value="/usr/local/Cellar/elixir/1.9.1" />
      <roots>
        <annotationsPath>
          <root type="composite" />
        </annotationsPath>
        <classPath>
          <root type="composite">
            <root url="file:///usr/local/Cellar/elixir/1.9.1/lib/logger/ebin" type="simple" />
            <root url="file:///usr/local/Cellar/elixir/1.9.1/lib/elixir/ebin" type="simple" />
            <root url="file:///usr/local/Cellar/elixir/1.9.1/lib/ex_unit/ebin" type="simple" />
            <root url="file:///usr/local/Cellar/elixir/1.9.1/lib/mix/ebin" type="simple" />
            <root url="file:///usr/local/Cellar/elixir/1.9.1/lib/eex/ebin" type="simple" />
            <root url="file:///usr/local/Cellar/elixir/1.9.1/lib/iex/ebin" type="simple" />
            <root url="file:///usr/local/Cellar/erlang/22.1.1/lib/erlang/lib/inets-7.1/ebin" type="simple" />
            <root url="file:///usr/local/Cellar/erlang/22.1.1/lib/erlang/lib/erl_interface-3.13/ebin" type="simple" />
            <root url="file:///usr/local/Cellar/erlang/22.1.1/lib/erlang/lib/ssl-9.4/ebin" type="simple" />
            <root url="file:///usr/local/Cellar/erlang/22.1.1/lib/erlang/lib/parsetools-2.1.8/ebin" type="simple" />
            <root url="file:///usr/local/Cellar/erlang/22.1.1/lib/erlang/lib/megaco-3.18.6/ebin" type="simple" />
            <root url="file:///usr/local/Cellar/erlang/22.1.1/lib/erlang/lib/mnesia-4.16.1/ebin" type="simple" />
            <root url="file:///usr/local/Cellar/erlang/22.1.1/lib/erlang/lib/eunit-2.3.8/ebin" type="simple" />
            <root url="file:///usr/local/Cellar/erlang/22.1.1/lib/erlang/lib/runtime_tools-1.14/ebin" type="simple" />
            <root url="file:///usr/local/Cellar/erlang/22.1.1/lib/erlang/lib/snmp-5.4.1/ebin" type="simple" />
            <root url="file:///usr/local/Cellar/erlang/22.1.1/lib/erlang/lib/crypto-4.6/ebin" type="simple" />
            <root url="file:///usr/local/Cellar/erlang/22.1.1/lib/erlang/lib/public_key-1.7/ebin" type="simple" />
            <root url="file:///usr/local/Cellar/erlang/22.1.1/lib/erlang/lib/syntax_tools-2.2.1/ebin" type="simple" />
            <root url="file:///usr/local/Cellar/erlang/22.1.1/lib/erlang/lib/dialyzer-4.1/ebin" type="simple" />
            <root url="file:///usr/local/Cellar/erlang/22.1.1/lib/erlang/lib/tools-3.2.1/ebin" type="simple" />
            <root url="file:///usr/local/Cellar/erlang/22.1.1/lib/erlang/lib/erl_docgen-0.10/ebin" type="simple" />
            <root url="file:///usr/local/Cellar/erlang/22.1.1/lib/erlang/lib/stdlib-3.10/ebin" type="simple" />
            <root url="file:///usr/local/Cellar/erlang/22.1.1/lib/erlang/lib/debugger-4.2.7/ebin" type="simple" />
            <root url="file:///usr/local/Cellar/erlang/22.1.1/lib/erlang/lib/diameter-2.2.1/ebin" type="simple" />
            <root url="file:///usr/local/Cellar/erlang/22.1.1/lib/erlang/lib/wx-1.8.9/ebin" type="simple" />
            <root url="file:///usr/local/Cellar/erlang/22.1.1/lib/erlang/lib/kernel-6.5/ebin" type="simple" />
            <root url="file:///usr/local/Cellar/erlang/22.1.1/lib/erlang/lib/os_mon-2.5.1/ebin" type="simple" />
            <root url="file:///usr/local/Cellar/erlang/22.1.1/lib/erlang/lib/compiler-7.4.6/ebin" type="simple" />
            <root url="file:///usr/local/Cellar/erlang/22.1.1/lib/erlang/lib/ftp-1.0.3/ebin" type="simple" />
            <root url="file:///usr/local/Cellar/erlang/22.1.1/lib/erlang/lib/tftp-1.0.1/ebin" type="simple" />
            <root url="file:///usr/local/Cellar/erlang/22.1.1/lib/erlang/lib/erts-10.5.1/ebin" type="simple" />
            <root url="file:///usr/local/Cellar/erlang/22.1.1/lib/erlang/lib/et-1.6.4/ebin" type="simple" />
            <root url="file:///usr/local/Cellar/erlang/22.1.1/lib/erlang/lib/hipe-3.19.1/ebin" type="simple" />
            <root url="file:///usr/local/Cellar/erlang/22.1.1/lib/erlang/lib/reltool-0.8/ebin" type="simple" />
            <root url="file:///usr/local/Cellar/erlang/22.1.1/lib/erlang/lib/eldap-1.2.8/ebin" type="simple" />
            <root url="file:///usr/local/Cellar/erlang/22.1.1/lib/erlang/lib/ssh-4.8/ebin" type="simple" />
            <root url="file:///usr/local/Cellar/erlang/22.1.1/lib/erlang/lib/common_test-1.18/ebin" type="simple" />
            <root url="file:///usr/local/Cellar/erlang/22.1.1/lib/erlang/lib/sasl-3.4.1/ebin" type="simple" />
            <root url="file:///usr/local/Cellar/erlang/22.1.1/lib/erlang/lib/xmerl-1.3.22/ebin" type="simple" />
            <root url="file:///usr/local/Cellar/erlang/22.1.1/lib/erlang/lib/edoc-0.11/ebin" type="simple" />
            <root url="file:///usr/local/Cellar/erlang/22.1.1/lib/erlang/lib/observer-2.9.2/ebin" type="simple" />
            <root url="file:///usr/local/Cellar/erlang/22.1.1/lib/erlang/lib/asn1-5.0.9/ebin" type="simple" />
          </root>
        </classPath>
        <javadocPath>
          <root type="composite">
            <root url="https://hexdoc.pm/logger" type="simple" />
            <root url="https://hexdoc.pm/elixir" type="simple" />
            <root url="https://hexdoc.pm/ex_unit" type="simple" />
            <root url="https://hexdoc.pm/mix" type="simple" />
            <root url="https://hexdoc.pm/eex" type="simple" />
            <root url="https://hexdoc.pm/iex" type="simple" />
          </root>
        </javadocPath>
        <sourcePath>
          <root type="composite" />
        </sourcePath>
      </roots>
      <additional />
    </jdk>
    <jdk version="2">
      <name value="rbenv: 2.7.0" />
      <type value="RUBY_SDK" />
      <version value="ver.2.7.0p0 ( revision 647ee6f091) p0" />
      <homePath value="$USER_HOME$/.anyenv/envs/rbenv/versions/2.7.0/bin/ruby" />
      <roots>
        <annotationsPath>
          <root type="composite" />
        </annotationsPath>
        <classPath>
          <root type="composite">
            <root url="file://$USER_HOME$/.anyenv/envs/rbenv/versions/2.7.0/lib/ruby/site_ruby/2.7.0" type="simple" />
            <root url="file://$USER_HOME$/.anyenv/envs/rbenv/versions/2.7.0/lib/ruby/site_ruby/2.7.0/x86_64-darwin18" type="simple" />
            <root url="file://$USER_HOME$/.anyenv/envs/rbenv/versions/2.7.0/lib/ruby/site_ruby" type="simple" />
            <root url="file://$USER_HOME$/.anyenv/envs/rbenv/versions/2.7.0/lib/ruby/vendor_ruby/2.7.0" type="simple" />
            <root url="file://$USER_HOME$/.anyenv/envs/rbenv/versions/2.7.0/lib/ruby/vendor_ruby/2.7.0/x86_64-darwin18" type="simple" />
            <root url="file://$USER_HOME$/.anyenv/envs/rbenv/versions/2.7.0/lib/ruby/vendor_ruby" type="simple" />
            <root url="file://$USER_HOME$/.anyenv/envs/rbenv/versions/2.7.0/lib/ruby/2.7.0" type="simple" />
            <root url="file://$USER_HOME$/.anyenv/envs/rbenv/versions/2.7.0/lib/ruby/2.7.0/x86_64-darwin18" type="simple" />
            <root url="file://$APPLICATION_PLUGINS_DIR$/ruby/rubystubs/rubystubs27" type="simple" />
          </root>
        </classPath>
        <javadocPath>
          <root type="composite" />
        </javadocPath>
        <sourcePath>
          <root type="composite">
            <root url="file://$USER_HOME$/.anyenv/envs/rbenv/versions/2.7.0/lib/ruby/site_ruby/2.7.0" type="simple" />
            <root url="file://$USER_HOME$/.anyenv/envs/rbenv/versions/2.7.0/lib/ruby/site_ruby/2.7.0/x86_64-darwin18" type="simple" />
            <root url="file://$USER_HOME$/.anyenv/envs/rbenv/versions/2.7.0/lib/ruby/site_ruby" type="simple" />
            <root url="file://$USER_HOME$/.anyenv/envs/rbenv/versions/2.7.0/lib/ruby/vendor_ruby/2.7.0" type="simple" />
            <root url="file://$USER_HOME$/.anyenv/envs/rbenv/versions/2.7.0/lib/ruby/vendor_ruby/2.7.0/x86_64-darwin18" type="simple" />
            <root url="file://$USER_HOME$/.anyenv/envs/rbenv/versions/2.7.0/lib/ruby/vendor_ruby" type="simple" />
            <root url="file://$USER_HOME$/.anyenv/envs/rbenv/versions/2.7.0/lib/ruby/2.7.0" type="simple" />
            <root url="file://$USER_HOME$/.anyenv/envs/rbenv/versions/2.7.0/lib/ruby/2.7.0/x86_64-darwin18" type="simple" />
            <root url="file://$APPLICATION_PLUGINS_DIR$/ruby/rubystubs/rubystubs27" type="simple" />
          </root>
        </sourcePath>
      </roots>
      <additional />
    </jdk>
    <jdk version="2">
      <name value="Android API 28 Platform" />
      <type value="Android SDK" />
      <homePath value="$USER_HOME$/Library/Android/sdk" />
      <roots>
        <annotationsPath>
          <root type="composite">
            <root url="jar://$USER_HOME$/Library/Android/sdk/platforms/android-28/data/annotations.zip!/" type="simple" />
          </root>
        </annotationsPath>
        <classPath>
          <root type="composite">
            <root url="jar://$USER_HOME$/Library/Android/sdk/platforms/android-28/android.jar!/" type="simple" />
            <root url="file://$USER_HOME$/Library/Android/sdk/platforms/android-28/data/res" type="simple" />
          </root>
        </classPath>
        <javadocPath>
          <root type="composite" />
        </javadocPath>
        <sourcePath>
          <root type="composite">
            <root url="file://$USER_HOME$/Library/Android/sdk/sources/android-28" type="simple" />
          </root>
        </sourcePath>
      </roots>
      <additional jdk="1.8" sdk="android-28" />
    </jdk>
    <jdk version="2">
      <name value="Android API 29 Platform" />
      <type value="Android SDK" />
      <version value="1.8" />
      <homePath value="$USER_HOME$/Library/Android/sdk" />
      <roots>
        <annotationsPath>
          <root type="composite">
            <root url="jar://$USER_HOME$/Library/Android/sdk/platforms/android-29/data/annotations.zip!/" type="simple" />
          </root>
        </annotationsPath>
        <classPath>
          <root type="composite">
            <root url="jar://$USER_HOME$/Library/Android/sdk/platforms/android-29/android.jar!/" type="simple" />
            <root url="file://$USER_HOME$/Library/Android/sdk/platforms/android-29/data/res" type="simple" />
          </root>
        </classPath>
        <javadocPath>
          <root type="composite" />
        </javadocPath>
        <sourcePath>
          <root type="composite">
            <root url="file://$USER_HOME$/Library/Android/sdk/sources/android-29" type="simple" />
          </root>
        </sourcePath>
      </roots>
      <additional jdk="1.8" sdk="android-29" />
    </jdk>
  </component>
</application>